name;phone;email;currency
Brenna Shaffer;(46) 05122-8347;molestie.in@google.couk;R$6,587.88
Bert Glass;(61) 13714-2811;ante.dictum@yahoo.net;R$427.78
Noah Cleveland;(38) 12744-7276;elit.fermentum@hotmail.net;R$7,634.72
Kiara Giles;(24) 37227-8571;tincidunt.nunc@yahoo.ca;R$6,974.41
Barbara Vaughn;(31) 72552-2661;leo.elementum@aol.couk;R$7,393.63
Quail Mcgowan;(09) 54711-1569;dui@yahoo.couk;R$9,566.13
Macy Bass;(92) 61193-2078;interdum.nunc@protonmail.couk;R$4,023.42
Julie Chan;(97) 93167-1443;nisi@protonmail.couk;R$8,364.08
Fallon King;(41) 86263-3830;sit.amet@hotmail.com;R$5,831.61
September Michael;(35) 65605-9398;velit.in@protonmail.net;R$3,479.71
Beck Roy;(28) 55233-3104;sed@outlook.ca;R$6,345.36
Lynn Pacheco;(90) 54083-5583;volutpat.nunc@aol.org;R$3,302.92
Venus Larsen;(32) 34378-8146;dolor.dapibus.gravida@protonmail.com;R$3,192.73
Amy Bryan;(11) 16292-2601;ridiculus@outlook.ca;R$1,388.24
Imani Hurley;(41) 84637-8818;arcu.vestibulum.ut@aol.net;R$5,228.52
Nehru Mullen;(37) 69332-4184;gravida.non@icloud.net;R$2,566.73
Clark Meyers;(00) 66389-9865;aliquam@yahoo.edu;R$5,695.93
Laura Norman;(32) 28169-4361;aliquam.nec@yahoo.com;R$7,654.82
Felix Silva;(06) 46001-2531;integer@aol.couk;R$7,854.63
Isaac Burks;(55) 77376-3605;enim.non.nisi@google.edu;R$1,159.70
Jameson Kane;(86) 82785-8353;nisl.nulla@icloud.com;R$747.97
Nora Parrish;(28) 23760-0890;molestie.orci@icloud.net;R$4,299.99
Holmes Watts;(06) 05847-1547;amet@outlook.net;R$2,947.18
Zane Graves;(13) 24670-6262;nonummy@google.org;R$6,514.50
Oleg Rose;(75) 87386-1155;neque.non@outlook.edu;R$3,280.43
Austin Romero;(18) 11017-0056;ornare.sagittis@icloud.ca;R$2,000.92
Stacey Hicks;(98) 38389-3159;rutrum@aol.couk;R$1,684.84
Kasimir Wynn;(71) 73156-7015;integer@icloud.net;R$7,939.64
Thomas Munoz;(47) 79927-9366;magnis.dis@protonmail.net;R$6,539.46
Amelia Bullock;(87) 90858-8266;cursus.non@hotmail.ca;R$6,357.98
Karen Melendez;(76) 75840-2158;sed@google.com;R$8,335.27
Beatrice Mcfadden;(85) 10576-3289;pretium.aliquet@protonmail.com;R$3,449.84
Echo Holt;(15) 84535-5064;luctus.curabitur@outlook.org;R$9,475.43
Rogan Noel;(71) 66567-5373;ligula@aol.couk;R$9,648.95
Jackson Harrington;(21) 89613-0142;ut.tincidunt@google.ca;R$3,931.95
Hall Jacobson;(68) 56148-5876;tortor.at@google.couk;R$5,774.16
Moses Donaldson;(45) 97541-8858;erat.eget@google.com;R$4,322.36
Phyllis Osborne;(37) 42411-6993;arcu@outlook.net;R$2,268.54
Jessamine Camacho;(16) 64735-6556;sem.egestas.blandit@icloud.com;R$3,732.77
Moana Peterson;(32) 66747-1231;phasellus.in@protonmail.ca;R$6,157.69
Hope Weber;(16) 51162-8428;libero.integer@icloud.couk;R$8,530.99
Xanthus Kinney;(72) 23853-7644;quis.lectus.nullam@outlook.net;R$5,720.44
Kirestin Rush;(58) 05927-7440;phasellus@aol.ca;R$4,614.18
Burton Cherry;(62) 70847-4517;malesuada.fames.ac@hotmail.couk;R$5,697.03
Josiah Fuentes;(21) 43785-4587;erat.neque.non@yahoo.com;R$8,146.48
Colby Odom;(27) 45564-6705;semper.tellus@protonmail.couk;R$4,203.35
Uriah Cortez;(73) 56798-5367;enim@icloud.edu;R$4,683.11
Althea Cervantes;(57) 17621-3938;arcu.sed@outlook.net;R$4,688.47
Hedwig Willis;(41) 78715-1602;donec.est@aol.edu;R$3,984.98
Ivana Leon;(98) 92253-3420;litora.torquent@yahoo.couk;R$994.89
Nathaniel Rodriguez;(37) 05144-5263;feugiat.non@icloud.net;R$7,971.32
Brynn Anthony;(74) 68678-3525;hendrerit.donec@google.couk;R$7,374.50
Curran Crane;(58) 84542-6814;ipsum@outlook.net;R$1,041.50
Tanek Morales;(14) 23078-5889;eros.turpis@protonmail.ca;R$8,470.37
Simon Shields;(63) 74224-6473;sollicitudin.adipiscing@hotmail.com;R$3,338.05
Avye Russell;(29) 52833-9447;ac@aol.edu;R$7,532.37
Ann Bradford;(45) 18757-2717;sed.molestie.sed@yahoo.couk;R$6,596.23
Kaitlin Horton;(50) 61482-5251;vulputate@hotmail.org;R$1,836.02
Brady Silva;(45) 85531-3785;ac.feugiat.non@icloud.couk;R$5,319.73
Leonard Dejesus;(06) 48165-6873;diam.pellentesque@protonmail.ca;R$8,351.64
Ina Mcmillan;(94) 37825-0866;dis.parturient@yahoo.com;R$2,600.07
Kaye Fletcher;(06) 45617-5568;facilisis.eget@aol.com;R$4,773.49
Palmer Mccray;(11) 91042-0183;at.sem@google.ca;R$8,608.73
Emery Brennan;(82) 63627-1986;aliquet.metus.urna@outlook.org;R$8,914.76
Janna Shelton;(52) 28484-7414;ligula.donec.luctus@yahoo.org;R$6,085.58
Emery Sharp;(55) 13506-2303;elit.curabitur@yahoo.couk;R$7,068.28
Bert Vance;(16) 20368-0405;nulla.magna.malesuada@icloud.net;R$8,295.62
Ivory Kaufman;(75) 14148-4801;dictum.proin@yahoo.ca;R$9,697.91
Brianna Bridges;(41) 02487-8055;in.sodales@hotmail.com;R$2,004.37
Ross Cortez;(37) 70111-2719;molestie.pharetra.nibh@google.org;R$8,647.85
Jamalia Mullins;(18) 18267-3676;euismod.mauris@google.couk;R$7,022.19
Raymond O'donnell;(83) 36185-8828;euismod@hotmail.ca;R$1,247.86
Glenna Lancaster;(57) 65675-2522;sapien.cursus.in@protonmail.couk;R$5,067.03
Tyrone Warner;(84) 54814-1299;lacus@yahoo.org;R$2,316.00
Henry Glenn;(79) 51174-8607;duis.a.mi@icloud.com;R$18.23
Colby Manning;(53) 10543-1623;arcu.ac.orci@hotmail.ca;R$4,824.32
Bethany Rasmussen;(66) 15526-8552;integer@google.couk;R$8,084.23
Rashad Brooks;(51) 03052-1316;risus.duis@icloud.couk;R$2,710.43
Karina Haynes;(63) 72461-7265;enim.condimentum.eget@hotmail.edu;R$884.24
Rahim English;(55) 47466-0393;tortor@icloud.com;R$2,935.33
Josephine Barton;(27) 73723-8085;eu.augue.porttitor@google.edu;R$4,426.23
Dora Joseph;(85) 27455-4816;massa@icloud.ca;R$5,721.39
Deacon Bowman;(08) 33057-8771;venenatis.vel.faucibus@hotmail.net;R$3,991.64
Hector Stevenson;(48) 68625-2421;rutrum.justo.praesent@yahoo.org;R$650.19
Fletcher Martin;(32) 41591-5067;curabitur.dictum.phasellus@hotmail.ca;R$656.07
Baxter Gardner;(13) 56216-5516;diam.vel@icloud.edu;R$6,391.79
Zephania Watson;(10) 36531-6014;vitae.aliquam@outlook.ca;R$7,695.51
Charles Sharp;(62) 21658-0264;montes.nascetur.ridiculus@protonmail.couk;R$5,394.40
Laith Santos;(83) 35141-5459;cras.sed@hotmail.couk;R$3,235.88
Vanna Wiggins;(66) 83332-7717;augue.scelerisque.mollis@google.ca;R$1,515.88
Donna Hamilton;(26) 69244-9667;fusce.mi@outlook.couk;R$7,807.22
Latifah Small;(35) 34550-6377;nisi.nibh@icloud.net;R$3,578.88
Rooney Mcguire;(71) 28596-8766;et.magnis@outlook.org;R$3,297.86
Celeste Morse;(70) 21631-2812;praesent.eu@hotmail.net;R$4,268.82
Allistair Snyder;(28) 88891-1298;eget.metus@icloud.net;R$5,198.37
Martin Reid;(34) 45618-6776;bibendum.fermentum.metus@protonmail.couk;R$8,727.62
Marvin Wynn;(81) 02495-4201;fermentum@icloud.com;R$1,392.65
Demetrius Nunez;(79) 19584-6631;sodales.elit.erat@outlook.org;R$1,592.87
Brittany Copeland;(07) 75292-6405;parturient.montes.nascetur@yahoo.ca;R$4,618.19
Raven Ball;(85) 34786-6826;rhoncus.proin.nisl@aol.com;R$1,475.60
Vivian Wilkinson;(73) 78784-0672;purus.mauris.a@icloud.org;R$9,042.73
Freya Mann;(81) 20219-4934;felis@aol.ca;R$694.72
Molly Bowman;(26) 23189-6106;erat.volutpat@icloud.edu;R$1,193.79
Brianna Mckee;(37) 28344-5136;vivamus.non.lorem@outlook.com;R$5,173.19
Ashton Horne;(33) 40430-8181;ut.tincidunt@yahoo.org;R$9,073.79
Nadine Cole;(17) 26277-3802;nulla.tempor@google.couk;R$214.52
Yvette Hernandez;(01) 50427-4355;donec.tincidunt.donec@aol.couk;R$2,714.27
Tashya Cochran;(35) 85816-8681;mauris.vestibulum.neque@yahoo.ca;R$6,943.69
Rhiannon Bauer;(58) 26301-2779;quisque.purus@protonmail.com;R$8,808.11
Breanna Brooks;(84) 59281-9691;non@icloud.org;R$6,814.51
Fulton Turner;(16) 71146-3550;felis.nulla@icloud.ca;R$5,862.47
Hope Cantrell;(60) 45887-3323;dolor.egestas@aol.org;R$9,801.28
Shay Thornton;(74) 60568-5562;sit.amet.dapibus@protonmail.couk;R$1,660.73
Yardley Nelson;(61) 28004-6350;magnis@protonmail.edu;R$8,749.67
Ulla Mercado;(48) 01858-3756;pede.ultrices.a@google.ca;R$5,797.52
Aladdin Gilmore;(23) 42234-2895;tempus@hotmail.com;R$630.16
Alma Sparks;(66) 86821-5268;dapibus@icloud.ca;R$697.47
Christopher West;(29) 01875-5596;nisi.a@protonmail.edu;R$7,821.53
Marvin Mendez;(83) 48300-4683;mauris@hotmail.couk;R$2,129.11
Tanya Reid;(21) 72287-1212;nec.malesuada@icloud.org;R$8,468.06
Finn Trevino;(63) 66677-6451;amet.lorem.semper@hotmail.ca;R$8,908.65
Marshall Craft;(97) 26848-1743;cursus.in.hendrerit@google.com;R$3,010.22
Emily Santos;(38) 81435-8352;justo@aol.com;R$2,760.54
Joel Barry;(62) 36617-6049;vel.nisl@google.edu;R$5,109.19
Jillian Edwards;(27) 28793-0877;donec@protonmail.com;R$6,245.83
Bo Moon;(74) 95049-6641;primis.in@outlook.edu;R$9,101.47
Samantha Lucas;(51) 67360-6725;eget.nisi@protonmail.edu;R$3,518.03
Ebony Wallace;(73) 56236-4752;nulla.aliquet@outlook.org;R$6,930.29
Sara Chavez;(21) 74512-1876;phasellus@icloud.ca;R$6,528.94
Kelsie Nelson;(12) 56413-8678;rhoncus@icloud.org;R$5,503.51
Devin Pratt;(64) 86758-2848;sodales.elit.erat@yahoo.net;R$1,834.07
Nadine Mcclure;(07) 35493-5443;nec.urna.et@yahoo.ca;R$2,801.01
Denton Wells;(19) 24168-4691;nulla.eu.neque@google.ca;R$8,368.38
Laith Pennington;(64) 23515-7143;praesent@protonmail.com;R$2,988.82
Teegan Jennings;(14) 57557-9668;sed@outlook.net;R$9,673.98
Wade Hester;(18) 37494-4158;urna.convallis@icloud.net;R$5,885.73
Jayme Lindsey;(31) 56882-1163;interdum@hotmail.org;R$7,339.42
Mufutau Sweeney;(26) 47764-3647;pede@hotmail.ca;R$3,164.92
Shea Hurst;(24) 17656-3411;orci@yahoo.com;R$5,698.65
Matthew Riddle;(35) 11919-5862;nulla.tincidunt@icloud.edu;R$9,084.03
Ruby Aguirre;(01) 82947-1347;porttitor.interdum@icloud.couk;R$2,676.73
Selma Stone;(82) 65409-3645;tellus.eu.augue@yahoo.net;R$2,946.24
Rhoda Hale;(22) 88368-5053;velit.egestas@icloud.com;R$5,859.44
Ray Meadows;(04) 54612-7321;fringilla@aol.net;R$6,464.70
Lucius Ashley;(77) 57380-8912;urna@google.ca;R$7,940.61
Haley Hood;(97) 63964-9109;phasellus.libero.mauris@aol.net;R$5,048.68
Hamilton Clay;(98) 85634-0664;vulputate.dui@hotmail.com;R$5,372.32
Reese Wheeler;(38) 79593-6322;ut.cursus@icloud.ca;R$6,347.71
Aspen Savage;(32) 26148-5246;aliquam.arcu@hotmail.net;R$8,825.71
Nasim Bolton;(68) 47383-2775;blandit.nam.nulla@protonmail.couk;R$6,723.28
Thor Riggs;(73) 64562-7281;duis.sit@outlook.couk;R$9,991.49
Magee Morrow;(27) 27481-6713;risus@protonmail.edu;R$740.10
Cedric Cummings;(17) 12571-7178;nunc.ullamcorper.eu@outlook.org;R$8,906.13
Eric Baird;(59) 70132-1770;elementum.at.egestas@aol.com;R$3,188.92
Zorita Skinner;(87) 09033-7589;vehicula@yahoo.com;R$6,063.59
Jamal Armstrong;(72) 03621-1972;vehicula@google.couk;R$2,465.31
Leandra Fowler;(79) 52136-7959;sapien@icloud.org;R$5,686.03
Darrel Stokes;(42) 51235-2696;placerat.eget.venenatis@outlook.org;R$9,047.30
Omar Combs;(19) 96265-7702;et@hotmail.com;R$4,225.53
Baker Rogers;(14) 13428-6688;neque.sed@icloud.couk;R$6,992.07
Elaine Ortega;(26) 55945-0934;aenean.egestas@icloud.org;R$858.14
Hammett Kent;(69) 15235-2405;id@google.com;R$8,150.18
Dustin Brock;(35) 81450-7029;feugiat.non@google.org;R$2,261.82
Lee Nelson;(54) 54685-1584;mauris@aol.net;R$9,374.77
Morgan Decker;(93) 41341-2424;nulla.eu.neque@protonmail.org;R$4,337.95
Aladdin Quinn;(80) 14228-3613;morbi.non.sapien@yahoo.edu;R$948.79
Evelyn Rosa;(55) 19723-0437;penatibus.et@google.edu;R$6,309.52
Roanna Vincent;(34) 73758-5465;nunc.id.enim@yahoo.edu;R$4,318.09
Rhoda Booker;(75) 39534-3584;nisi@google.couk;R$3,828.19
Nerea Gillespie;(28) 04720-6336;in.faucibus.orci@aol.org;R$6,454.64
Kadeem Alvarez;(36) 78084-8162;lobortis.nisi@outlook.edu;R$6,429.88
Uta Clements;(17) 24729-1135;duis.risus.odio@aol.ca;R$169.56
Quinlan Hewitt;(45) 62793-5563;phasellus.in@hotmail.net;R$2,041.05
Vivien Jenkins;(18) 02724-1331;turpis.in@protonmail.ca;R$8,120.75
Kermit Padilla;(39) 15473-6802;egestas@hotmail.org;R$850.09
Cade Reese;(71) 74442-8445;cras.eget@google.couk;R$5,965.23
Savannah Maynard;(21) 43172-7556;eget.metus.in@yahoo.couk;R$8,739.63
Ciara Mccarty;(23) 58154-4013;neque.pellentesque@icloud.couk;R$4,955.13
Jade Nelson;(31) 36218-3158;integer@icloud.couk;R$8,186.68
Ezra Nixon;(26) 45338-2551;scelerisque.sed@hotmail.couk;R$2,555.42
Savannah Wolfe;(51) 56228-3301;vitae.erat@icloud.couk;R$5,472.76
Raya Gray;(81) 24466-7376;nec.mauris@outlook.ca;R$6,649.77
Dillon Sanford;(84) 70724-4019;dictum.cursus.nunc@google.edu;R$2,551.65
Quamar Bridges;(41) 36162-4118;pharetra@icloud.net;R$9,710.45
Justina Phillips;(37) 32216-0799;mi.fringilla@icloud.ca;R$3,016.05
Dorothy Griffin;(73) 95404-7355;sit.amet@protonmail.edu;R$9,550.72
Akeem Moore;(66) 82816-3816;orci@google.edu;R$5,399.88
Emi Sweet;(92) 51646-8556;iaculis.nec.eleifend@yahoo.net;R$4,295.15
Fritz Robertson;(36) 49624-1655;purus.in@icloud.org;R$1,564.64
Caryn Miranda;(86) 64418-8818;amet@hotmail.ca;R$1,279.48
Clayton Franks;(78) 24194-8268;arcu.vestibulum@protonmail.org;R$3,697.03
Evangeline Cooley;(69) 51938-8937;eu.eros@yahoo.edu;R$6,380.43
Perry Salazar;(59) 15675-2131;aenean@outlook.couk;R$1,596.26
Octavius Farrell;(51) 65855-5254;interdum@google.couk;R$9,308.93
Quinn Rogers;(96) 20324-1014;fringilla@google.couk;R$3,910.32
Evelyn Blake;(72) 48750-6833;amet@yahoo.couk;R$3,874.93
Jackson Ramsey;(66) 22842-2477;bibendum.sed.est@outlook.ca;R$413.18
Cally Donaldson;(07) 66287-8831;morbi@yahoo.com;R$8,606.60
Claire Rasmussen;(74) 66292-3471;vulputate.nisi@google.ca;R$2,648.57
Channing Bates;(71) 18343-5433;augue@google.couk;R$1,261.72
Callie Alford;(28) 88638-1457;nec.tellus@aol.com;R$1,753.44
Gareth Avery;(77) 44125-3970;donec.nibh@google.edu;R$8,454.44
Medge Rush;(23) 31011-2146;sagittis@aol.edu;R$5,618.68
Kelly Glass;(38) 94821-9691;a.odio@google.org;R$2,225.44
Lane Maddox;(76) 34263-6825;ornare.egestas@protonmail.com;R$1,371.83
Mona Guzman;(91) 32426-3866;at@hotmail.com;R$3,294.61
Cairo Walters;(11) 66642-5731;orci@google.ca;R$6,511.46
Nora Hawkins;(34) 87581-6662;commodo.tincidunt@protonmail.edu;R$567.17
Clare Contreras;(39) 54442-2457;sapien@aol.ca;R$8,555.56
Hoyt Sutton;(87) 65463-0278;quisque.varius@icloud.edu;R$8,270.81
Salvador Walker;(46) 82803-4617;interdum.feugiat@icloud.edu;R$4,575.64
Desiree Rosa;(40) 26926-1636;elit.fermentum@icloud.ca;R$282.03
August Rosario;(55) 34382-3276;cras@icloud.ca;R$8,034.72
Gray Cervantes;(16) 79174-5018;vel.quam@protonmail.com;R$253.51
Yael Wilkerson;(24) 31876-1615;penatibus@icloud.couk;R$477.44
Phillip Herman;(67) 28947-1370;convallis.in@icloud.org;R$6,157.93
Dillon Lowery;(28) 57331-4874;erat@outlook.ca;R$2,780.93
Addison Armstrong;(48) 67248-2268;dictum.sapien.aenean@aol.com;R$1,506.34
Hector Slater;(13) 58567-0065;tellus@aol.edu;R$5,370.79
Imelda Freeman;(38) 25230-8626;dolor@google.couk;R$392.52
Dylan Le;(49) 50275-6422;id.magna@outlook.net;R$8,163.84
Jemima Hancock;(43) 49122-7224;tempus@outlook.com;R$4,231.54
Demetria Kim;(19) 21884-3220;nisi@outlook.com;R$5,856.95
Bert Spears;(63) 82641-7834;scelerisque@outlook.ca;R$1,210.91
Alice Bates;(42) 31948-5480;a@outlook.couk;R$1,248.02
Jerry Bates;(51) 69878-4155;egestas.sed@protonmail.edu;R$7,624.49
Breanna Cole;(65) 52562-5368;et.malesuada.fames@protonmail.edu;R$4,515.30
Pamela Kane;(26) 21085-1583;nibh.sit@aol.org;R$5,239.82
Miranda Slater;(61) 17214-8288;nulla.dignissim@protonmail.net;R$4,589.34
Candace O'connor;(06) 89622-4541;vel@yahoo.com;R$3,527.99
Dominic Foley;(75) 35991-7512;tempor.bibendum@hotmail.org;R$6,601.37
Guy Reid;(36) 68934-5112;accumsan.sed@outlook.ca;R$8,198.38
Donna Holloway;(11) 11426-6323;odio.tristique@outlook.org;R$657.08
Barrett Gould;(36) 35356-2832;neque@aol.org;R$7,572.21
Thane Prince;(78) 36853-7677;lectus.cum@hotmail.org;R$7,778.63
Brenna Hanson;(15) 67744-5241;cursus.et@icloud.com;R$7,826.15
Christian Hopkins;(54) 46358-4318;tempus.eu.ligula@google.couk;R$8,953.83
Gay Schmidt;(32) 14322-7165;massa.mauris@aol.com;R$6,252.54
Amos Wilkins;(46) 68334-1585;sed.neque@hotmail.edu;R$3,043.24
Florence Ellis;(41) 10335-8731;cras.eu@google.net;R$616.25
Timothy Maynard;(74) 80552-8323;duis@hotmail.edu;R$858.79
Aspen Terry;(84) 47171-4125;pede@icloud.org;R$6,982.39
Naomi Poole;(03) 33824-1112;sociis.natoque@yahoo.com;R$8,391.69
Kristen Mckay;(45) 35411-2846;nibh.aliquam@google.ca;R$4,838.65
Eaton Blake;(27) 12481-1442;semper.erat.in@icloud.couk;R$6,476.23
Basia Church;(34) 41174-5473;dictum@aol.ca;R$6,293.37
Valentine Kirk;(30) 51643-2825;lorem.vehicula.et@outlook.org;R$973.09
Bethany Hinton;(65) 64937-3523;mollis.vitae@icloud.ca;R$2,961.62
Brynne Lowery;(30) 42148-3688;praesent.eu@yahoo.net;R$8,575.03
Deanna Mccall;(25) 02956-1472;proin@aol.org;R$5,177.98
Eliana Leon;(18) 86752-7689;quam.a@outlook.couk;R$8,695.18
Pascale Nielsen;(65) 23698-5056;nibh.phasellus@protonmail.couk;R$4,029.46
Andrew Whitley;(58) 62698-1611;metus.urna@google.com;R$1,890.60
Harper Chan;(98) 11622-6330;vel.sapien@icloud.couk;R$2,963.51
Christopher Grant;(02) 53425-0036;congue.elit@aol.edu;R$5,878.46
Isaiah Daugherty;(53) 23406-9740;amet.faucibus@hotmail.edu;R$8,854.84
Aurora Caldwell;(62) 72661-0707;elit.sed@hotmail.org;R$3,017.99
Jameson Morse;(77) 65399-6306;in.mi.pede@google.com;R$5,252.26
Walker Peck;(45) 86294-8660;interdum.nunc@icloud.org;R$5,180.58
Caleb Clemons;(67) 70214-3825;venenatis.a@protonmail.org;R$4,283.80
Catherine Mcknight;(96) 67382-6875;aliquam@outlook.org;R$2,257.18
Malik Price;(84) 81671-5798;conubia.nostra.per@google.com;R$6,348.52
Cedric Cobb;(17) 55418-1478;id@yahoo.ca;R$2,669.99
Kylee Dennis;(54) 05256-8753;accumsan.interdum@protonmail.ca;R$2,535.25
August Cooper;(38) 64132-8433;consequat.auctor.nunc@google.ca;R$1,378.61
Cody Osborn;(07) 77632-2765;dui.suspendisse@outlook.com;R$9,209.75
Gabriel Woods;(28) 48151-6834;ornare.elit@outlook.org;R$2,881.46
Lavinia Holland;(34) 70273-1065;non.lacinia@outlook.edu;R$3,376.12
Luke Roth;(36) 69316-6283;pede.blandit@icloud.couk;R$3,116.65
Kyle Hutchinson;(44) 50552-6466;metus.sit@aol.org;R$8,284.78
Jayme Neal;(34) 41838-6216;gravida.aliquam.tincidunt@google.edu;R$9,216.49
Noelani Russo;(34) 43517-6996;nec.imperdiet@yahoo.ca;R$1,039.19
Echo Moss;(76) 35856-5565;erat.vel.pede@aol.couk;R$7,121.44
Penelope Vargas;(06) 10115-9465;fringilla.ornare@aol.edu;R$1,469.71
Calvin Terry;(18) 95855-2861;enim@aol.com;R$2,536.76
Preston Hensley;(13) 31658-7525;consectetuer.adipiscing@aol.com;R$7,449.24
Teegan Dyer;(36) 78118-4661;id.sapien.cras@google.edu;R$1,375.02
Indigo Montoya;(63) 87033-8863;aliquam.gravida.mauris@google.com;R$3,220.80
Sebastian Baird;(44) 18385-6834;donec.feugiat@icloud.org;R$1,534.68
Wade Thomas;(88) 01974-4682;dui.fusce@icloud.couk;R$6,222.59
Amaya Kelly;(44) 13514-6508;nullam.ut@icloud.org;R$8,280.71
Gray Fuller;(64) 42712-8626;interdum.sed.auctor@protonmail.net;R$2,115.65
Bernard Skinner;(45) 59737-3478;vitae.nibh.donec@yahoo.ca;R$9,701.81
Dominique Hebert;(47) 13547-2489;commodo.at.libero@hotmail.com;R$8,430.32
Rooney Campbell;(40) 63854-1758;lobortis.quis@yahoo.org;R$2,070.60
Bertha Bishop;(32) 33471-1470;vulputate.mauris.sagittis@icloud.couk;R$8,595.06
Patrick Pittman;(12) 12573-5329;donec.feugiat@icloud.com;R$4,848.01
Hyatt Rios;(05) 76323-8678;porta.elit@aol.ca;R$4,548.57
Drew Warner;(98) 42056-8082;diam.lorem.auctor@icloud.net;R$8,845.79
Laith Poole;(19) 04733-7371;molestie.tellus.aenean@yahoo.ca;R$1,855.77
Anika Thomas;(43) 09134-3944;felis.adipiscing@yahoo.com;R$431.24
Quail Rios;(27) 79572-7672;nulla.cras@icloud.org;R$8,030.50
Keaton Holcomb;(53) 60115-4842;eleifend.nec@outlook.com;R$6,574.81
Stone Beasley;(72) 58464-3649;ante.bibendum.ullamcorper@yahoo.ca;R$5,802.80
Adrian Anderson;(45) 53037-4733;cursus.nunc.mauris@google.org;R$6,584.93
Brenden Bentley;(36) 91045-7124;conubia.nostra@yahoo.net;R$1,170.51
Ezra Wynn;(53) 87871-8815;integer@yahoo.edu;R$1,038.76
Anthony Carroll;(23) 58342-6919;phasellus@google.edu;R$9,154.04
Kellie Hays;(13) 31057-5259;mauris.sit@outlook.couk;R$8,513.42
Declan Ballard;(47) 66383-9284;orci.ut@icloud.com;R$5,935.84
Noel Golden;(46) 35174-5173;conubia@google.edu;R$1,245.76
Geraldine Mckee;(49) 27236-4624;auctor@aol.org;R$7,963.22
Cheyenne Ross;(63) 76056-5681;eget@yahoo.org;R$1,691.06
Dolan Dyer;(61) 76374-9617;aliquet.sem.ut@icloud.org;R$3,064.48
Marvin Serrano;(42) 91455-9438;lacinia.vitae@google.com;R$1,449.16
Carolyn Weiss;(25) 14647-6571;eget.volutpat@google.net;R$341.86
Mohammad Perry;(92) 73162-7439;diam@yahoo.ca;R$8,759.88
Luke Mckenzie;(38) 13541-7284;tellus.eu@icloud.com;R$2,900.67
Carter Sanchez;(06) 38745-4446;taciti.sociosqu@yahoo.org;R$6,264.62
Dillon Aguirre;(73) 57812-7807;semper@hotmail.edu;R$4,323.90
Rama Black;(73) 53726-3621;risus.donec@google.net;R$9,653.31
Colt Mcintyre;(75) 95732-1613;ac.sem@icloud.org;R$6,790.37
Jackson Hays;(74) 88576-5056;sapien.imperdiet@hotmail.com;R$3,113.03
Aaron Shepherd;(76) 81087-3872;duis.ac@google.couk;R$223.15
Dorothy Rowe;(33) 52527-5111;at.arcu@aol.net;R$2,113.23
Zachary Bush;(36) 85115-6345;congue.turpis@google.ca;R$3,965.95
George Leach;(02) 71823-6655;luctus.et.ultrices@icloud.ca;R$798.40
Lars Mckay;(42) 70734-8227;auctor.non.feugiat@hotmail.com;R$5,837.02
Hedy Sexton;(22) 03682-5608;eget.volutpat@yahoo.org;R$186.89
Jessica Horn;(26) 74643-2133;nec.diam@aol.org;R$3,555.02
Shoshana Osborne;(50) 66172-0653;egestas.fusce@hotmail.net;R$5,473.99
Chandler Mercer;(37) 16149-7527;eu@outlook.couk;R$4,421.15
Gisela Sullivan;(14) 83622-2098;a.auctor@aol.ca;R$5,682.62
Cherokee Moody;(35) 44971-9582;risus@aol.couk;R$8,189.75
Jasper Sparks;(56) 35214-5104;neque.nullam@outlook.com;R$4,392.44
Patience Kinney;(73) 79972-4598;risus.odio.auctor@google.net;R$3,188.76
Imelda Hughes;(67) 15577-0193;euismod.in.dolor@icloud.ca;R$5,316.25
Zoe Ray;(98) 72272-3223;cursus.a@aol.net;R$6,641.56
Abel Mack;(35) 88540-4185;nascetur.ridiculus@google.com;R$5,065.02
Shoshana Boone;(13) 41619-5167;nec.mollis@aol.org;R$5,277.14
Germane Marsh;(93) 82330-8524;magna.lorem@hotmail.couk;R$1,952.11
Phelan Robles;(02) 65291-3609;magna@icloud.edu;R$715.73
Justine O'donnell;(49) 36449-6114;at.risus@aol.com;R$4,718.57
Maite Garner;(12) 35467-3626;dolor.dolor@icloud.couk;R$3,281.90
Clinton Johns;(77) 67762-5831;phasellus.in@icloud.ca;R$8,439.20
Lucius Whitfield;(24) 71867-6158;parturient.montes@protonmail.couk;R$154.31
Dante Dunlap;(55) 44004-8868;ridiculus.mus.aenean@icloud.couk;R$2,951.25
Ryder Calderon;(44) 56035-7831;auctor.mauris@google.org;R$4,013.30
Vance Brady;(56) 48375-1007;scelerisque.sed@protonmail.org;R$677.47
Abel Steele;(24) 81238-3675;auctor@outlook.org;R$8,460.90
Debra Ballard;(16) 96311-1648;vestibulum.ut@yahoo.net;R$5,495.63
Amaya Cote;(44) 15063-7333;vehicula.et.rutrum@icloud.ca;R$7,716.68
Lacy Wall;(27) 45586-8961;senectus@outlook.edu;R$9,877.42
Thor Giles;(02) 50205-0464;orci.sem.eget@icloud.couk;R$5,426.21
Athena Howell;(80) 59763-7265;in.lorem@aol.ca;R$4,174.67
Timothy Strickland;(10) 49274-4869;enim.mauris@google.ca;R$8,246.20
Kiayada Blair;(45) 81743-8352;in.tempus.eu@google.com;R$3,569.79
Chandler Luna;(43) 38187-8846;sit.amet@yahoo.org;R$8,621.09
Adena Velez;(11) 72634-8240;sit.amet.diam@google.org;R$6,430.44
Harlan Lynch;(40) 36424-0832;justo.sit.amet@aol.ca;R$2,636.13
Kasper Chapman;(47) 14498-4491;sem.eget.massa@protonmail.ca;R$3,131.53
Cameron Blair;(26) 17974-5627;curabitur@aol.org;R$4,519.48
Jason Conway;(73) 26411-4761;tristique.senectus@icloud.net;R$6,617.99
Jin Garrison;(18) 34120-2012;auctor@outlook.com;R$5,942.94
Lamar Munoz;(51) 56537-4435;nascetur.ridiculus@outlook.couk;R$2,977.56
Basia Head;(36) 39678-0324;aliquam.eros@protonmail.net;R$3,128.35
Octavius Massey;(34) 91782-1108;nunc.interdum.feugiat@google.ca;R$6,859.95
Sydnee Mcdonald;(59) 58157-4145;congue.in@aol.edu;R$5,437.17
Zeph Hancock;(84) 99287-8515;et.pede.nunc@aol.edu;R$820.30
Ciaran Burns;(23) 73282-7265;elit.dictum@hotmail.edu;R$7,612.75
Griffith Cherry;(80) 92553-6829;nunc@outlook.org;R$7,091.81
Hermione Briggs;(83) 29613-7847;integer@protonmail.edu;R$7,018.71
Zena Garcia;(38) 47827-7365;ornare@icloud.edu;R$3,497.70
Risa Mckee;(51) 12464-5676;eleifend@google.net;R$9,233.84
Odette Holder;(78) 13715-5631;etiam@google.com;R$7,888.83
Wang Cabrera;(72) 23848-5733;tincidunt.tempus.risus@hotmail.com;R$6,419.24
Nomlanga Irwin;(46) 55728-6128;ante.dictum.mi@outlook.edu;R$8,633.41
Blythe Richards;(25) 46041-5026;massa.non.ante@icloud.couk;R$9,772.86
Michael Mccall;(20) 17318-7827;aliquam.tincidunt@yahoo.net;R$3,278.98
Hiroko Dominguez;(47) 63308-0960;aliquam.ultrices.iaculis@yahoo.edu;R$3,380.27
Kiona Sawyer;(61) 31066-7792;posuere.cubilia@hotmail.couk;R$1,649.56
Owen Knox;(29) 18732-6415;augue@aol.ca;R$785.14
Charles Reyes;(85) 06386-6555;a.sollicitudin@icloud.com;R$8,312.94
Isaiah Booker;(23) 00471-3114;fusce.aliquam@outlook.edu;R$2,103.81
Christian Lawrence;(21) 30725-9642;faucibus@icloud.net;R$588.45
Hope Garrett;(46) 33467-3276;malesuada@aol.edu;R$6,298.27
Linda Collier;(11) 29231-7484;facilisis.vitae.orci@protonmail.org;R$8,908.47
Flavia Tyson;(61) 79701-7814;ridiculus@aol.edu;R$200.91
Justine Beard;(23) 12686-1010;nec@yahoo.edu;R$1,601.24
Chester Berg;(33) 85641-8365;id.mollis@hotmail.couk;R$7,799.79
Zenia Jennings;(77) 87109-8025;ante.blandit@hotmail.edu;R$0.30
Tad Chang;(48) 79767-5766;felis.nulla@hotmail.couk;R$4,976.24
Jocelyn Chang;(21) 37023-8685;rhoncus.id@protonmail.edu;R$9,843.68
Ivory Ballard;(24) 79660-1115;lectus.nullam@protonmail.couk;R$5,655.98
Brent Jensen;(24) 47672-7575;nec.ligula.consectetuer@icloud.net;R$9,112.95
Dennis Chapman;(25) 62187-1858;quis.massa.mauris@google.org;R$5,799.84
Edward Slater;(89) 98974-4144;dictum.eleifend.nunc@aol.ca;R$3,250.93
Jolie Nunez;(59) 71462-4575;libero.lacus@outlook.com;R$366.39
Shoshana Shepherd;(39) 78719-6488;eu.lacus.quisque@google.org;R$7,089.73
Sylvia Key;(25) 78030-4465;nulla.dignissim@protonmail.couk;R$7,614.95
Dustin Walters;(09) 31089-2497;dignissim.lacus@yahoo.org;R$7,687.13
Vanna Barry;(88) 24765-1618;pellentesque.sed.dictum@aol.edu;R$1,369.24
Raja Hahn;(71) 70423-3755;ornare@aol.org;R$8,359.23
Steven Hale;(62) 21504-0926;ipsum.nunc@google.net;R$6,366.55
Ramona Sharpe;(35) 11743-7311;non.lobortis.quis@hotmail.couk;R$595.55
Germaine Peters;(52) 42158-4449;vel.arcu@outlook.ca;R$4,465.80
Xaviera Chan;(46) 43582-3808;tellus.lorem@protonmail.edu;R$7,237.28
Raya Solis;(43) 58644-1638;in.consectetuer@yahoo.edu;R$4,984.66
Alvin Bernard;(24) 35667-7863;consequat@aol.com;R$8,284.75
Zane Neal;(59) 29754-8921;dui.nec@icloud.ca;R$7,421.35
Driscoll Jacobson;(99) 89187-1334;aptent@google.edu;R$5,851.89
Callie Burt;(11) 57778-6521;sed.pede.nec@yahoo.edu;R$8,843.08
Branden Marshall;(89) 38277-5822;arcu.vestibulum.ante@icloud.ca;R$7,220.67
Brynne Gilbert;(47) 32433-1786;vitae.nibh@protonmail.com;R$4,098.57
Sheila Hester;(17) 28922-8418;elit.pretium@google.couk;R$1,987.46
Reed Moody;(44) 24472-4745;vitae@protonmail.couk;R$1,169.13
Galena Stevenson;(29) 42111-5823;nunc.mauris@google.com;R$9,864.58
Chloe Schultz;(33) 27946-8460;a.feugiat@google.com;R$5,623.44
Chadwick Dunn;(14) 98438-1661;ornare@google.ca;R$1,460.43
Clinton Merritt;(98) 21542-7922;et.rutrum@aol.com;R$3,783.15
Irene Frazier;(78) 03784-8170;vestibulum@hotmail.ca;R$2,553.25
Yeo Bradley;(88) 28181-5293;dui.cum@hotmail.net;R$3,322.36
Guinevere Goff;(44) 88691-5720;purus@icloud.net;R$7,174.95
Ryder Hendrix;(31) 40573-9877;dapibus.ligula.aliquam@hotmail.org;R$9,232.25
Quon Pennington;(29) 54594-6242;aliquam@aol.org;R$7,848.11
Dante Bates;(51) 64843-7621;at.lacus.quisque@outlook.com;R$5,204.18
Lucian Wood;(78) 21714-3611;ac.turpis@hotmail.couk;R$1,338.03
Hollee Fitzgerald;(60) 56135-5550;nec.metus@google.couk;R$1,912.86
Jelani Clarke;(08) 86870-4713;est@aol.ca;R$6,474.32
Samantha Love;(88) 13604-0078;id@aol.couk;R$9,150.40
Drew Lynn;(34) 18676-7177;a.mi.fringilla@protonmail.couk;R$2,672.04
Farrah Rosa;(43) 84233-8427;et@google.com;R$7,117.21
Quail Mcmillan;(74) 72625-2685;ipsum@protonmail.com;R$4,794.53
Desiree Burgess;(14) 95432-6672;bibendum.ullamcorper.duis@aol.org;R$6,048.88
Preston Keith;(67) 31562-8816;ante.ipsum@outlook.com;R$8,554.33
Iris Blackburn;(27) 45342-7712;sodales@outlook.org;R$6,237.46
Nita Anthony;(75) 54328-8883;metus@google.ca;R$564.32
Jana Pitts;(47) 51434-8486;ut.pellentesque@protonmail.com;R$922.44
Frances Pittman;(67) 28863-7985;placerat.orci@icloud.couk;R$187.30
Hashim Roberson;(70) 13780-3149;accumsan.convallis@google.couk;R$9,318.43
Kaseem Hampton;(55) 88273-8314;mattis.integer.eu@aol.couk;R$8,007.02
Savannah Langley;(23) 44877-8672;sed.molestie@aol.com;R$7,806.33
Lenore Kane;(84) 13658-3272;arcu@outlook.couk;R$2,272.14
Piper England;(78) 81128-1605;ac.ipsum.phasellus@icloud.ca;R$47.82
Karleigh O'brien;(17) 52554-3434;metus@outlook.edu;R$948.17
Skyler Haynes;(42) 95248-4725;mauris.rhoncus@yahoo.edu;R$5,406.00
Dieter Graves;(90) 88712-1186;aliquam@outlook.ca;R$98.02
Maris Christian;(56) 77537-2189;risus.nunc@google.org;R$3,495.80
Chaim Francis;(47) 18756-2359;arcu.vestibulum@protonmail.ca;R$2,666.71
Seth Mckee;(46) 26773-8085;commodo.auctor@protonmail.edu;R$2,077.14
Kristen Cameron;(93) 83630-3853;luctus.felis.purus@outlook.couk;R$5,633.34
Ainsley Pierce;(33) 48857-2280;nullam@hotmail.edu;R$2,422.93
Sandra Justice;(09) 88856-6318;adipiscing.elit.etiam@icloud.net;R$6,280.89
Keefe Carter;(65) 23889-5228;morbi.metus@protonmail.edu;R$9,038.15
Lyle Villarreal;(58) 61343-3864;nisi.nibh@yahoo.com;R$6,902.64
Scarlet Hartman;(62) 29378-7316;pharetra@yahoo.couk;R$2,765.40
George Webb;(83) 38758-9682;ipsum.suspendisse@protonmail.ca;R$959.77
Cain Davenport;(47) 47065-2255;nulla@yahoo.org;R$3,564.62
Piper Britt;(53) 58867-8856;vehicula.aliquet@aol.org;R$221.37
David Mullen;(47) 36755-1454;neque.pellentesque@aol.org;R$4,875.88
Connor Fleming;(10) 42534-6742;sit.amet@google.org;R$445.72
Ferdinand Pennington;(45) 65211-4384;vivamus.sit.amet@yahoo.couk;R$3,713.07
Emma Webster;(25) 46040-3989;orci.phasellus.dapibus@hotmail.couk;R$6,276.46
Gabriel Preston;(22) 31163-4307;amet.luctus.vulputate@protonmail.couk;R$2,489.74
Leroy Golden;(60) 36354-4193;quis.accumsan@protonmail.org;R$3,647.69
Ulric Hess;(87) 72415-8314;felis.nulla.tempor@hotmail.edu;R$8,188.58
Duncan Beasley;(20) 75646-3954;nullam.velit@outlook.couk;R$6,324.37
Kenneth Terry;(56) 15704-7375;rutrum@aol.edu;R$756.91
Kylan Bright;(17) 53477-6341;purus.gravida@icloud.net;R$4,491.20
Brett Mendez;(69) 25163-3916;vel.lectus@yahoo.ca;R$3,329.71
Debra Guerrero;(68) 58363-5571;non.sapien@outlook.edu;R$8,020.87
Tamekah Kidd;(55) 73183-1154;at.risus@icloud.com;R$3,757.21
Lionel Wilkins;(82) 78235-2419;libero.lacus@hotmail.couk;R$1,828.98
Irma O'donnell;(02) 47706-6374;non.lobortis@outlook.net;R$5,170.31
Aspen Duran;(84) 38611-0171;risus.quisque@hotmail.edu;R$8,881.44
Arden Grimes;(37) 06114-6475;quis.lectus.nullam@icloud.org;R$1,075.95
Josiah Lara;(13) 66147-4412;quis@protonmail.ca;R$2,916.34
Channing Stewart;(62) 57131-2662;vitae.posuere.at@protonmail.edu;R$3,864.77
MacKenzie Spence;(93) 14745-1582;nisl.sem@protonmail.couk;R$5,000.32
Hayes Gay;(63) 64572-6257;et.commodo@yahoo.org;R$6,611.54
Ciaran Daniel;(74) 05992-8767;gravida.sit@protonmail.com;R$600.26
Dorian Morgan;(87) 75428-5814;sit.amet@protonmail.ca;R$2,884.90
Garrett Duffy;(78) 38624-3215;sed.dolor.fusce@outlook.ca;R$6,150.54
Jamalia Watson;(56) 51382-8160;quam.pellentesque@google.ca;R$8,437.77
Bruce Craig;(46) 63380-3153;semper.egestas@outlook.ca;R$5,182.51
Wylie Duffy;(58) 24672-3377;egestas@icloud.ca;R$3,977.26
Lewis Whitaker;(13) 31682-7868;velit.egestas.lacinia@outlook.com;R$1,477.85
Preston Hensley;(87) 53213-6178;posuere.cubilia.curae@aol.couk;R$8,614.78
Giacomo Olsen;(56) 17777-6383;vel.arcu@protonmail.com;R$654.10
Hop Vaughn;(62) 57924-4517;pharetra@protonmail.org;R$6,153.18
Benedict Mccoy;(57) 79067-1217;augue.sed@hotmail.net;R$814.10
Harding Cole;(17) 65190-5102;lacus.etiam@icloud.ca;R$222.96
Fuller Erickson;(71) 87504-5156;ipsum@yahoo.net;R$4,201.46
Angela Hayes;(59) 12366-8514;scelerisque.scelerisque.dui@outlook.ca;R$2,034.96
Vincent Perez;(09) 24147-4657;mollis@outlook.com;R$9,385.91
Leah Atkins;(75) 22475-2213;magna@yahoo.couk;R$4,179.71
Keith Martinez;(60) 37239-7377;duis@yahoo.net;R$6,697.14
Rama Alvarez;(25) 47651-4185;aenean@protonmail.couk;R$9,256.33
Talon Rodriguez;(18) 07063-6380;laoreet.posuere@hotmail.com;R$3,628.91
Wyatt Morin;(32) 84910-5374;faucibus.orci.luctus@icloud.org;R$743.69
Castor Heath;(44) 71554-9688;egestas.aliquam@google.com;R$7,718.42
Bell Terry;(32) 63855-2607;aliquam.ultrices@aol.org;R$6,008.40
Hunter Guthrie;(69) 06589-4517;class.aptent@google.couk;R$1,105.20
Talon Oneil;(57) 77301-5055;molestie.orci@google.couk;R$7,081.55
Cally Fuller;(21) 06637-2488;laoreet@protonmail.edu;R$4,000.61
Florence Medina;(47) 58251-6064;neque.sed@google.com;R$7,717.53
Claudia Waller;(05) 95468-4861;tellus.nunc@protonmail.couk;R$7,241.43
Piper Johnson;(45) 76912-9469;eleifend.non.dapibus@yahoo.com;R$1,208.60
Maxwell Holmes;(26) 13198-2386;in.nec@yahoo.org;R$6,142.79
Gareth Bentley;(53) 09835-7087;egestas.blandit@yahoo.com;R$6,432.50
